Title,Summary,Website,Status,Deadline,Competition / Award,Internship / Job,Coursework / Enrichment,Volunteering,Remote,Residential,Science & Engineering,Medicine & Health,Sports & Athletics,Sustainability & Environment,Service & Advocacy,Business & Economics,Law & Politics,Arts & Media,Writing & Humanities,Architecture & Design
Foreign Policy Research Institute (FPRI) Remote Internships,"The FPRI Internship Program provides high school and college students with hands-on experience in the field of international relations. Interns support FPRI scholars by assisting with research or contributing to communications, events, and operations, with some roles requiring specialized skills in foreign languages or content creation. Participants receive mentorship from experienced professionals to develop critical thinking and collaboration skills, and they have the unique opportunity to publish original research on the program's ""Intern Corner."" The experience is enriched by access to policy seminars and career-focused guest speaker sessions, including a weekly seminar series specifically for summer interns.",https://www.fpri.org/about/internships/,OPEN,"March 6, 2026",,TRUE,,FALSE,TRUE,,,,FALSE,,,,TRUE,,TRUE,
Ladder Internship Matching Program,"Ladder Internships connects ambitious high school students with real startups for an 8-week summer internship. The program selects and trains interns before pairing them with host companies led by CEOs from institutions like Harvard Business School and Y-Combinator. This opportunity allows students to gain professional experience and mentorship from industry leaders who have held roles at top firms such as Google, Microsoft, and McKinsey.",https://www.ladderinternships.com/our-programs,OPEN,"March 8, 2026",,TRUE,,FALSE,,,,,FALSE,,,TRUE,,,FALSE,
Bank of America Student Leaders Program,This 6-week paid summer internship ($17/hr) connects high school seniors to local non-profit organizations where they gain professional experience. The program is open to graduating seniors who are at least 18 years old at the time of application and includes a 3-day leadership summit to foster civic engagement and professional development.,https://about.bankofamerica.com/en/making-an-impact/student-leaders,OPEN,"March 9, 2026",,TRUE,,FALSE,,,,,FALSE,,FALSE,TRUE,,,,
Brooklyn District Attorney Summer High School Internship,"The Brooklyn District Attorney’s 2026 Summer High School Internship offers an overview of one of the largest DA’s offices in the country. Selected students will participate in workshops, tours, and presentations regarding law enforcement. An intern’s duties may include assisting in investigations, attending trials, preparing and compiling documents and financial data, conducting and analyzing legal research, and supporting community outreach programs. The program is open to students who live and/or attend school in Brooklyn. Students will receive a $150 stipend weekly.",https://www.brooklynda.org/internships/,OPEN,"March 13, 2026",,TRUE,,FALSE,,,,,FALSE,,TRUE,,TRUE,,,
NYC Summer Youth Employment Program (SYEP),"As the nation’s largest youth employment program, SYEP provides NYC residents ages 14–24 with up to $700 through project-based learning or traditional 25-hour-per-week jobs. The program offers valuable work experience and financial compensation during the summer months.",https://application.nycsyep.com/,OPEN,"March 14, 2026",,TRUE,,FALSE,,,,,FALSE,,TRUE,,,,,
The Met Museum High School Internships,"The Met offers paid internships for 10th and 11th grade students living in the tri-state area. Interns explore museum careers in departments like curatorial, social media, design, and education. The program provides professional networking opportunities and hands-on work experience in a world-renowned art institution.",https://www.metmuseum.org/opportunities/internships/summer-internships-for-high-school-students,OPEN,"March 15, 2026",,TRUE,FALSE,FALSE,,,,,FALSE,,,,,TRUE,,
New York Times Summer Academy,"The Summer Academy offers a residential pre-college experience for high school students in grades 10–12 and graduating seniors (ages 15–18) to explore the field of journalism. Whether interested in media, culture, sports, fashion, business, or law, participants investigate the forces shaping these industries under the guidance of seasoned journalists, editors, and media professionals. Each Summer Academy course introduces students to core journalism and media literacy skills, while tapping into their individual interests, from writing to digital storytelling. The program goes beyond the classroom, taking students into newsrooms and local communities to uncover the stories behind compelling headlines. ",https://nytedu.com/pre-college/summer-academy/nyc/,OPEN,"March 16, 2026",,,TRUE,FALSE,,TRUE,,,FALSE,,,FALSE,FALSE,TRUE,TRUE,
Gilder Lehrman Institute Internships,"The Gilder Lehrman Institute’s Summer 2026 Internship Program offers paid positions at $17.00 per hour for high school, college, and graduate students. Participants gain experience in museum collection management, educational programming, development, marketing, and operations. Roles are available in remote, in-person, or hybrid formats, all requiring computer and internet access.",https://www.gilderlehrman.org/internships,OPEN,"March 27, 2026",,TRUE,,FALSE,TRUE,,,,FALSE,,,FALSE,,TRUE,TRUE,
South Street Seaport Museum Internships,"This 12-week summer program ($18/hr) provides students with insight into museum operations and maritime history. Interns are typically placed in Collections, Archives, or Exhibitions, where they work on internal projects, visit other NYC institutions, and network with museum professionals.",https://southstreetseaportmuseum.org/jobs-and-internships/,OPEN,"March 27, 2026",,TRUE,,FALSE,,,,,FALSE,,,,,TRUE,TRUE,
NY Historical Society Student Historian Internships,"High school students in the NYC metro area (grades 10–12) use the resources of the New-York Historical Society to conduct in-depth research on American history. Interns create digital projects, meet with professional staff, and develop historical thinking and media skills centered on the theme ""Our Composite Nation: Frederick Douglass' America."" All interns will receive a $700 stipend upon successful completion of the internship. The internship takes place in person at The New York Historical.",https://www.nyhistory.org/education/student-historian-internship-program,OPEN,"March 29, 2026",,TRUE,,FALSE,,,,,FALSE,,,,TRUE,TRUE,TRUE,
Princeton Ten-Minute Play Contest,"The Lewis Center for the Arts at Princeton University hosts an annual ten-minute playwriting contest for eleventh-grade students in the U.S. and their international equivalents. Each year, the competition is evaluated by a distinguished guest playwright, with past judges including acclaimed writers such as Anya Pearson, Jiehae Park, and Dipika Guha. This program provides high school juniors a unique opportunity to have their original dramatic work recognized by prominent professionals in the field of theater and playwriting.",https://arts.princeton.edu/about/opportunities/high-school-contests/ten-minute-play-contest/,OPEN,"March 31, 2026",TRUE,FALSE,FALSE,FALSE,,,,,FALSE,,,,,TRUE,TRUE,
WashU Architecture Discovery Program,"The Architecture Discovery Program (ADP) is a rigorous two-week introduction to architecture and design for high school students, featuring intensive individual instruction from Sam Fox School faculty. At the heart of the program is the Design Studio, which fosters creativity and discovery while exploring how sustainability and the built environment shape modern architectural practice. Through these explorations, participants develop high-quality material and technical skills to strengthen their professional design portfolios.",https://samfoxschool.washu.edu/academics/pre-college-programs/architecture-discovery-program,OPEN,"March 31, 2026",,,TRUE,FALSE,,TRUE,,,FALSE,TRUE,,,,,,TRUE
John Locke Essay Competition,"The John Locke Institute encourages young people to cultivate the characteristics that turn good students into great writers: independent thought, depth of knowledge, clear reasoning, critical analysis and persuasive style. The John Locke Institute Essay Competition invites students to submit original work across ten subject categories: Economics, History, International Relations, Law, Philosophy, Politics, Psychology, Public Policy, Science & Technology, and Theology. Evaluated by senior academics from institutions such as Oxford and Harvard, the contest emphasizes independent thought, critical analysis, and persuasive writing. Top winners in each category receive scholarships of $5,000, $2,000, or $1,000 toward Institute programs, while the Grand Prize winner receives a $10,000 Junior Fellowship scholarship. Junior and senior entries are judged separately, totaling six awards per category. Winners will be recognized at an October 2026 ceremony in London.",https://www.johnlockeinstitute.com/essay-competition,OPEN,"March 31, 2026 (registration) & May 31, 2026 (submission)",TRUE,FALSE,,FALSE,,,FALSE,,FALSE,,,TRUE,TRUE,,TRUE,
Technovation Girls App Competition,"The Technovation Girls Competition challenges girls under 18 to develop mobile or web apps that solve community or global problems. Eligible teams submit their projects to a global competition for a chance to win awards and scholarships through Quarterfinal, Semifinal, and Final rounds, culminating at the World Summit. Although the formal competition restricts participation by age and gender, the underlying educational curriculum is freely available to learners of all demographics.",https://technovationchallenge.org/competition/,OPEN,"March 18, 2026 (registration) & April 20, 2026 (submission)",TRUE,FALSE,FALSE,FALSE,FALSE,FALSE,TRUE,FALSE,FALSE,FALSE,FALSE,FALSE,FALSE,FALSE,FALSE,FALSE
Girls Who Code Pathways Course,"Pathways is a free remote/virtual learning program offering specialized curriculum tracks in game design, data science, AI, cybersecurity, and web development. Designed for girls and non-binary students in grades 9–12 (including rising 9th graders and graduating seniors), the program features a vibrant virtual community on Discord and access to advisor-led workshops, career panels, and corporate partner events. Over the course of 6–7 weeks, participants work at their own pace to complete technical projects aligned with emerging technologies.",https://girlswhocode.com/programs/pathways,OPEN,"April 10, 2026",,FALSE,TRUE,FALSE,TRUE,,TRUE,,FALSE,,FALSE,FALSE,,,,
Walnut Hill Summer Theater Intensive,"The Walnut Hill Summer Theater is a three-week residential intensive where students develop theatrical skills through a balance of daily studio training and rehearsal. Participants take classes in acting, musical theater, and dance at the Delbridge Family Center for the Arts and are all cast in a single musical production performed over consecutive evenings. Located near Boston, the program includes dormitory living and staff-organized weekend excursions to iconic landmarks such as Faneuil Hall and the Museum of Fine Arts. Students conclude the program with strengthened performance abilities, increased confidence, and professional insight gained from immersive study and potential trips to professional theater productions.",https://www.walnuthillarts.org/summer/summer-theater-intensive,OPEN,"April 6, 2026",,,TRUE,FALSE,,TRUE,,,FALSE,,,,,TRUE,,
NYU Tandon Machine Learning Summer Program,"This program introduces students to the computer science and mathematical techniques driving AI and machine learning. Lessons cover video and image recognition, autonomous vehicles, and medical diagnostics, providing fundamental knowledge of technologies that are integrated into daily life.",https://k12stem.engineering.nyu.edu/programs/ml,OPEN,"May 15, 2026",,,TRUE,FALSE,,,TRUE,TRUE,FALSE,,,,,,,
NYU Coding for Game Design High School Summer Program,"During this 2-week in-person program, students learn game design principles and C# scripting within the Unity engine. Participants work collaboratively and independently to create their own 2D games, following development techniques used by professional designers at NYU.",https://steinhardt.nyu.edu/create/high-school-summer-program,OPEN,"May 31, 2026",,FALSE,TRUE,FALSE,,,TRUE,,FALSE,,,,,,,
Cornell Architecture & Design Summer Program for High School Students,"Cornell's College of Architecture, Art, and Planning (AAP) offers an intensive in-person summer program for high school students considering a bachelor's degree in architecture. This Introduction to Architecture and Design Precollege Program immerses participants in architectural ideas and methods through a studio-based environment. Working in small groups, students attend lectures and participate in specialized workshops focused on representational techniques and portfolio design. The program requires no prior specialized knowledge, only a serious interest in exploring architectural problems and design principles.",https://sce.cornell.edu/precollege/program/architecture-summer,OPEN,"May 5, 2026",,,TRUE,FALSE,,TRUE,,,FALSE,FALSE,,,,TRUE,,TRUE
Brown Pre-College Programs,Brown Pre-College offers 1- to 6-week residential and online courses designed to simulate the undergraduate experience without the pressure of formal grades. Students can choose from over 300 offerings—ranging from medicine and law to visual arts and creative writing—while engaging in a community that values independent thinking and student voices.,https://precollege.brown.edu/,OPEN,"May 8, 2026",,,TRUE,FALSE,TRUE,TRUE,,FALSE,FALSE,,FALSE,,FALSE,FALSE,FALSE,
NYU Career Edge Summer Program,"NYU Career Edge offers one-week, non-credit intensives in professional fields like Criminal Justice, Entrepreneurship, and Finance. Designed for college and career readiness, the program allows students to live on campus and explore career paths while experiencing life at a world-renowned university.",https://www.sps.nyu.edu/high-school-academy/programs/career-edge.html,OPEN,"June 12, 2026",,,TRUE,FALSE,,FALSE,,,FALSE,,,TRUE,TRUE,,,
NYU Precollege Courses,"NYU Precollege allows rising juniors and seniors to earn college credits by taking undergraduate courses taught by world-class faculty. Students immerse themselves in the dynamic NYU community, exploring potential majors and academic interests while interacting with classmates from around the world.",https://www.nyu.edu/admissions/high-school-and-middle-school-programs/high-school-programs/nyu-precollege/explore-precollege.html,OPEN,"June 15, 2026",,,TRUE,FALSE,,,,,FALSE,,FALSE,,,,,
BU School of Medicine SummerLab,"Boston University School of Medicine’s SummerLab program features the theme ""Gene Editing in Human Disease,"" offering students aged 15 and older hands-on experience with Nobel Prize-winning CRISPR technology. Participants explore how gene editing can cure diseases while investigating the associated ethical and social implications through advanced molecular biology labs, including bacterial transformation, cell culture, and nanoencapsulation. As a commuter-only program for the Summer 2026 session, Boston University does not provide room and board, requiring students living outside the local area to secure their own accommodations.",https://www.bumc.bu.edu/citylab/summerlab-2026/,OPEN,"June 29, 2026",FALSE,,TRUE,FALSE,,,TRUE,TRUE,FALSE,,,,,FALSE,,
Columbia Science Honors Program (SHP),"The Science Honors Program is a highly selective academic year program (September to May) for students with a strong interest in STEM. Classes are held at Columbia University on Saturdays from 10:00 AM to 12:30 PM. Courses are taught by active researchers and cover advanced topics in physical, chemical, biological, and computing sciences.",https://outreach.engineering.columbia.edu/SHP,OPEN,Rolling admission (for Fall 2026),,,TRUE,FALSE,,,TRUE,FALSE,FALSE,FALSE,,,,,,
Columbia Climate School in the Green Mountains ,"Based on a campus in the Green Mountains of Vermont, this 2-week program mobilizes high school students to address climate change. Participants engage with experts from the Columbia Climate School to learn about cutting-edge innovations, build partnerships with like-minded peers, and develop actionable strategies for driving environmental impact.",https://www.climate.columbia.edu/pre-college-green-mountains,OPEN,Rolling admission (for Summer 2026),,,TRUE,FALSE,,TRUE,,,FALSE,TRUE,,,,,,
Cooper Union Introduction to Architecture Online Summer Course,"The Cooper Union’s Introduction to Architecture Online is an intensive, 5-week full-time program that introduces high school students to the discipline of architecture through an exploratory virtual environment. Rooted in the School of Architecture's unique studio ethic, the curriculum features rigorous foundation studies, history and practice lectures, and guided portfolio development to strengthen future applications to design schools. Students work closely with faculty and peers to develop technical skills and conceptual thinking. Admissions are conducted on a rolling basis, and early application is strongly encouraged.",https://cooper.edu/architecture/school-architecture-summer-programs,OPEN,Rolling admission (for Summer 2026),,FALSE,TRUE,FALSE,TRUE,,,,FALSE,FALSE,,,,,FALSE,TRUE
Interlochen Arts Camp,"Join teens from around the world for an unforgettable summer at Interlochen Arts Camp, with a variety of programs ranging from 1–3 weeks in length. High school students in grades 9–12 dive into music, theatre, dance, visual arts, film, and creative writing. Learn from expert faculty, connect with new friends, and spend your summer fully immersed in an overnight arts camp experience that inspires creativity and prepares you for college and beyond.",https://www.interlochen.org/art-summer-camp,OPEN,Rolling admission (for Summer 2026),,,TRUE,FALSE,,TRUE,,,FALSE,,,,,TRUE,TRUE,
Northwestern Debate Institute,"The Northwestern Debate Institute provides an intensive experience for high school policy debaters, designed to prepare participants for the upcoming season and beyond. Students learn the same fundamental principles and techniques that have led the Northwestern Debate Society to a record 15 National Debate Tournament championships. The program emphasizes personalized instruction through limited lab sizes and a low student-to-staff ratio, allowing debaters to engage with the nation's top competition. As the oldest and most successful debate society in NDT history, Northwestern offers an unparalleled opportunity for students to refine their skills under the guidance of elite coaches and scholars.",https://nhsi.northwestern.edu/debate-division/,OPEN,Rolling admission (for Summer 2026),FALSE,,TRUE,FALSE,TRUE,,,,FALSE,,,,TRUE,,TRUE,
American Psychological Association (APA) Remote Internships,"The APA Internal Internship Program is a virtual, year-round opportunity for U.S. high school students to explore the impact of psychology across fields such as research, policy, communications, and education. Participants apply psychological theory to practice in a professional setting, attending specialized workshops and connecting with industry experts. The program emphasizes the development of professional networks and the exploration of non-traditional psychology careers through discussions and group projects. These internships accept applications on a rolling basis for spring, summer, fall, and winter sessions.",https://www.apa.org/about/apa-jobs/internships,OPEN,Rolling admission (year-round),,TRUE,FALSE,FALSE,TRUE,,,TRUE,FALSE,,TRUE,,FALSE,,TRUE,
EnergyMag Remote Internships,"The EnergyMag Research Internship is a virtual program for high school students interested in exploring renewable energy companies, technologies, and markets. Open to sophomores, juniors, and seniors, the program helps students develop research, analytical, and professional writing skills. Under the guidance of mentors, participants produce publishable reports and gain experience in networking and communication. The program offers flexible scheduling to accommodate academic plans, including 2- to 8-week half-time summer internships and year-round quarter-time internships lasting 1 to 9 months. Successful participants receive a Letter of Accomplishment.",https://energymag.net/internships/,OPEN,Rolling admission (year-round),,TRUE,FALSE,FALSE,TRUE,,,,FALSE,TRUE,FALSE,,,,TRUE,
Fordham Summer Leaders Academy,"The Fordham Summer Leaders Academy is a residential pre-college program in New York City lasting one to two weeks. It combines innovative academic courses with engaging co-curricular activities, offering both credit and non-credit opportunities in STEM, business, the humanities, and performing arts.",https://www.fordham.edu/summer-session/pre-college-programs/summer-leaders-academy/,OPEN,Rolling admission (year-round),,,TRUE,FALSE,,TRUE,FALSE,,FALSE,,,FALSE,,FALSE,FALSE,
Fordham Summer Pre-College Program,"Rising high school seniors can earn 3 to 4 college credits by enrolling in traditional 5-week undergraduate classes alongside Fordham students. Running from June 30 to August 4, 2026, this commuter-only program offers courses both on campus and online.",https://www.fordham.edu/summer-session/pre-college-programs/college-courses-for-high-school-students/summer-session-pre-college-courses/,OPEN,Rolling admission (year-round),,,TRUE,FALSE,TRUE,TRUE,,,FALSE,,,,,,,
Friendship Circle NYC Teen Volunteers,"Teen volunteers are paired with children and young adults with special needs to provide companionship and support. Opportunities include home visits and ""Sunday Squad"" social outings throughout New York City, fostering inclusive communities through friendship.",https://www.friendshipcirclenyc.org/teen-volunteer-opportunities,OPEN,Rolling admission (year-round),,FALSE,,TRUE,,,,,FALSE,,TRUE,,,,,
Justice Resource Center High School Programs,"The Justice Resource Center offers a variety of civic and law-related programs to high school students. Whether students are building on their knowledge from elementary and middle school or are just discovering the world of law, JRC offers programs that help students become college and career ready. Students develop their potential by engaging in challenging law-related projects whereby they learn research, teamwork and critical thinking skills.",https://jrcnyc.org/site/high-school-programs/,OPEN,Rolling admission (year-round),,TRUE,,FALSE,,,,,FALSE,,TRUE,,TRUE,,TRUE,
NYU Stern EFL Young Ambassadors Program,"This free program at the NYU Stern School of Business introduces NYC high schoolers to the world of startups and business. Selected students attend real-world startup conferences, shadow NYU MBA mentors, and learn directly from founders and investors. Applications are reviewed on a rolling basis throughout the year.",https://endlessfrontierlabs.com/young-ambassadors/,OPEN,Rolling admission (year-round),,TRUE,,FALSE,,,,,FALSE,,,TRUE,,,,
NYC Ranger Conservation Corps Internship,"This 8-week environmental internship (offered in fall and spring) allows students to work with Urban Park Rangers on restoration projects in NYC’s flagship parks. Participants learn about urban ecology and may participate in field trips like canoeing and camping, earning community service hours for their college applications.",https://www.nycgovparks.org/programs/rangers/conservation-corps,OPEN,Rolling admission (year-round),,TRUE,,FALSE,,,,,FALSE,TRUE,TRUE,,,,,
NYC Health + Hospitals Volunteers,"NYC Health + Hospitals offers ongoing volunteer opportunities for students at medical facilities across all five boroughs. Roles range from supporting pediatric patients to assisting the elderly, providing students with meaningful ways to contribute to community health and patient care.",https://www.nychealthandhospitals.org/volunteering/,OPEN,Rolling admission (year-round),,FALSE,,TRUE,,,,TRUE,FALSE,,TRUE,,,,,
Sarah Lawrence College Writers Week Summer Writing & Theatre for Teens,"This week-long intensive program focuses on creative writing and performance arts. Students collaborate with professional poets and prose writers to develop their craft, explore new genres, and share their work in a supportive, creative environment.",https://www.sarahlawrence.edu/precollege/writers-week/,OPEN,Rolling admission (year-round),,FALSE,TRUE,FALSE,,TRUE,,,FALSE,FALSE,,,,TRUE,TRUE,
Syracuse Summer College,"For over 60 years, Syracuse University has offered high schoolers the chance to explore potential majors through 1- to 4-week courses. Students live in residence halls, dine on campus, and participate in social activities while taking college-level credit or non-credit courses.",https://precollege.syr.edu/programs-courses/summer-college-residential/,OPEN,Rolling admission (year-round),,,TRUE,FALSE,,TRUE,,,FALSE,,,,,,,
Transportation Alternatives Youth Activist Committee (TAYAC),"TAYAC is a community of teens advocating for car alternatives in NYC, focusing on public transit, biking, and walking. Open to all NYC youth, the committee holds monthly meetings and social events to help students lead local campaigns and improve the city’s transportation landscape.",https://transalt.org/youth,OPEN,Rolling admission (year-round),,,,TRUE,,,,,FALSE,,TRUE,,,,,
Manhattan School of Music Precollege Program,"Manhattan School of Music’s Precollege program provides pre-conservatory training for talented musicians aged 8 to 18 through professional instruction and a supportive, collaborative environment. Held on Saturdays throughout the school year, the program offers two distinct tracks: the Classical Program and the Jazz Arts Program. Students engage in weekly private lessons and specialized coursework in theory, ear training, composition, orchestra, chorus, and conducting. In addition to rigorous academic and technical training, participants benefit from numerous performing opportunities in various recital halls and build lasting connections with a community of like-minded peers.",https://www.msmnyc.edu/programs/precollege/,OPEN,"March 1, 2026 (priority)",,,TRUE,FALSE,,,,,FALSE,FALSE,FALSE,,,TRUE,,
Wildlife Conservation Society (WCS) Discovery Guide Youth Volunteers,"Ages 14–22 can volunteer as Discovery Guides at NYC’s five WCS zoos and aquarium. During spring or summer sessions, guides lead educational activities for visitors, support conservation campaigns, and assist with education programs while gaining experience in wildlife and environmental stewardship.",https://queenszoo.com/teens/teen-volunteer-program,CLOSED,Upcoming application cycle (for Summer 2026) will open in March,,,TRUE,FALSE,,,,,FALSE,TRUE,TRUE,,,,,
Princeton Prize in Race Relations,"The Princeton Prize in Race Relations recognizes high school students who have demonstrated exceptional leadership in advancing racial equity or promoting racial understanding within their schools and communities. Award recipients receive a $2,500 cash prize and an all-expenses-paid trip to Princeton University for a Symposium on Race, where they engage with fellow winners from across the country. Additionally, recipients are honored by Princeton alumni at recognition ceremonies held in their local regions.",https://pprize.princeton.edu/,CLOSED,Upcoming application cycle (for 2027) will open in October,TRUE,FALSE,FALSE,FALSE,,,,,FALSE,,TRUE,,FALSE,,,
Studio Museum Expanding the Walls High School Program,"Teen Programs at the Studio Museum provide a supportive environment for students to express themselves creatively while developing essential communication and critical thinking skills. Participants have the opportunity to engage in tours, hands-on workshops, and discussions with prominent visual artists. The Expanding the Walls program is a free, 8-month, in-person initiative for high school students focused on photography, history, and community. The program culminates in a public celebration of student work. Participants receive a $1,000 stipend and a Canon EOS Rebel DSLR camera to support their creative development throughout the session.",https://www.studiomuseum.org/expanding-the-walls,CLOSED,Upcoming application cycle (for 2027) will open in September,,FALSE,TRUE,FALSE,,,,,FALSE,FALSE,TRUE,,,TRUE,FALSE,
Brooklyn Museum Apprentice Program,"In this paid internship, NYC high school students immerse themselves in art history and museum education at a world-class institution. Guided by curators and educators, apprentices create lesson plans and gain experience teaching audiences of all ages. Participants earn $16.50 per hour (rising to $17.50 for second-year leaders), work up to 180 hours annually, and receive MetroCards for travel.",https://www.brooklynmuseum.org/careers/internships-fellowships/museum-apprentice-program,CLOSED,Upcoming application cycle (for Fall 2026) will open in July,,TRUE,FALSE,FALSE,,,,,FALSE,,,,,TRUE,TRUE,
Fordham Civic Leadership Day with The Town Hall,"This program at Fordham University’s Lincoln Center campus begins with a leadership training day (April 27, 2026) followed by four weeks of virtual mentorship. Students identify community issues and develop solutions, which they present to local council members and activists during a showcase event on May 27, 2026.",https://www.thetownhall.org/civics/civic-leadership-day,CLOSED,Upcoming application cycle (for Spring 2027) will open later this year,,,TRUE,FALSE,FALSE,,,,FALSE,,TRUE,,TRUE,,FALSE,
Stanford Artificial Intelligence in Medicine and Imaging (AIMI) Remote Internship,"The Stanford Center for Artificial Intelligence in Medicine and Imaging (AIMI) offers a two-week remote/virtual summer internship for high school students interested in the intersection of AI and healthcare. Participants engage in specialized lectures, collaborate on research projects, and receive mentorship from Stanford researchers and students. The program features ""Virtual Career Lunch and Learns"" with guest speakers and offers an optional ""Student Lead"" role for those seeking additional leadership experience. Upon completion, students earn a certificate, with select participants becoming eligible for extended research opportunities.",https://aimi.stanford.edu/education/summer-research-internship,CLOSED,Upcoming application cycle (for Summer 2027) will open in December,,TRUE,,FALSE,TRUE,,TRUE,TRUE,FALSE,,FALSE,,,,,
Mount Sinai Summer Junior Medical Program (JuMP),"The Junior Medical Program (JuMP) is a 6-week summer commitment (100 hours total) for students ages 15 to 17. Participants gain direct patient contact and observe the clinical and non-clinical daily operations of a hospital at Mount Sinai, learning from healthcare professionals to support patient satisfaction.",https://www.mountsinai.org/locations/morningside/about/volunteer,CLOSED,Upcoming application cycle (for Summer 2027) will open in January,,,,TRUE,,,,TRUE,FALSE,,TRUE,,,,,
WCS Project TRUE (Teens Researching Urban Ecology) Internship,"Project TRUE (Teens Researching Urban Ecology) is an urban ecology research and youth development program for high school sophomores and juniors living in the Bronx. Run by the Bronx Zoo Education team in partnership with Fordham University, the program provides hands-on field research experience.",https://bronxzoo.com/teens/project-true,CLOSED,Upcoming application cycle (for Summer 2027) will open in January,,TRUE,FALSE,FALSE,,,,,FALSE,TRUE,TRUE,,,,,
MIT MITES Summer,"MITES Summer is a six-week, on-campus program that immerses rising high school seniors from across the country in the MIT experience. Participants take five rigorous math, science, and humanities courses while developing the academic and personal skills necessary for success in STEM. In addition to coursework, the program features lab tours, social events, and dedicated college admissions counseling to provide firsthand insight into the rewards of pursuing STEM degrees and careers.",https://mites.mit.edu/discover-mites/mites-summer/,CLOSED,Upcoming application cycle (for Summer 2027) will open in November,,,TRUE,FALSE,,TRUE,TRUE,,FALSE,,,,,,TRUE,
Carnegie Hall Summer Youth Ensembles,"Each summer, Carnegie Hall’s national youth ensembles bring together the brightest young American instrumentalists for intensive training and performances on some of the world’s greatest stages. All three programs are free and led by an all-star faculty of professional musicians, giving students the opportunity to hone their talents while working with the world’s finest artists. As national ensembles, these programs include a broad range of musicians from across the country that reflect the exceptional talent and diversity of the United States.",https://www.carnegiehall.org/Education/Programs/National-Youth-Ensembles,CLOSED,Upcoming application cycle (for Summer 2027) will open later this year,,,TRUE,FALSE,,,,,FALSE,,,,,TRUE,,
Carnegie Mellon School of Drama Pre-College Program,"The Carnegie Mellon University School of Drama Pre-College program provides a rigorous introduction to top-tier conservatory training, mirroring the intensity of the university's BFA curriculum through small studio classes taught by acclaimed faculty. is a six-week residential program for high school juniors and seniors that offers training and preparation for college auditions and interviews within an acclaimed drama conservatory. Students choose from three specialized tracks: the Acting Option, which focuses on repertoire building and acting for the camera; the Design/Production Option, which concentrates on portfolio development and technical skills like stage management and fabrication; and the Music Theater Option, which prioritizes song coaching and tiered dance training in ballet and jazz. All students receive foundational instruction in dramaturgy, ensuring a comprehensive understanding of theatrical practice as they prepare for future applications to Bachelor of Fine Arts programs.",https://drama.cmu.edu/academics/summer-pre-college-program/,CLOSED,Upcoming application cycle (for Summer 2027) will open later this year,,,TRUE,FALSE,,TRUE,,,FALSE,,,,,TRUE,,
Columbia Engineering the Next Generation (ENG),This 6-week program at Columbia Engineering provides students with hands-on research experience and multi-level mentorship. Participants work alongside faculty and researchers to develop academic and professional skills in one of two tracks: the Foundations of Research (FoR) or the Center for Smart Streetscapes (CS3).,https://outreach.engineering.columbia.edu/eng,CLOSED,Upcoming application cycle (for Summer 2027) will open later this year,,FALSE,TRUE,FALSE,,,TRUE,,FALSE,,,,,,,
Columbia Summer High School Academic Program for Engineers (SHAPE),"SHAPE is a pre-college program for rising sophomores through recent graduates interested in STEM. Held at Columbia University, each 3-week session (July 6 – July 24 or July 27 – August 14, 2026) features college-level, project-based engineering courses taught by diverse faculty members.",https://outreach.engineering.columbia.edu/content/shape-summer-high-school-academic-program-engineers,CLOSED,Upcoming application cycle (for Summer 2027) will open later this year,,,TRUE,FALSE,,,TRUE,,FALSE,,,,,,,
Kenyon Review Young Writers Workshops,"The Kenyon Review Young Writers Summer Residential Workshops offer a dynamic two-week program on the Kenyon College campus for talented high school students from around the world. Participants join a supportive literary community designed to stretch their creative talents and discover new strengths alongside peers who share a passion for the written word. These multi-genre workshops encourage students to challenge themselves through intensive writing exercises and collaborative sessions, all within the inspiring environment of a premier liberal arts institution.",https://kenyonreview.org/high-school-workshops/,CLOSED,Upcoming application cycle (for Summer 2027) will open later this year,FALSE,,TRUE,FALSE,,TRUE,,,FALSE,FALSE,FALSE,,,TRUE,TRUE,
Manhattan District Attorney High School Internship Program (HSIP),"This rigorous 5-week internship offers students an insider’s perspective on the criminal justice system. Participants engage in workshops, professional development, and a mock trial program while working in an office setting. Interns are paid minimum wage and must demonstrate a strong interest in law and public service.",https://manhattanda.org/careers/internship-opportunities/high-school-internship/,CLOSED,Upcoming application cycle (for Summer 2027) will open later this year,,TRUE,,FALSE,,,,,FALSE,,TRUE,,TRUE,,,
NASA Goddard Institute for Space Studies (GISS) Internships,"Students interested in climate science and data modeling can apply for research-based internships at the Goddard Institute for Space Studies. Interns work directly with NASA scientists on projects related to Earth science, gaining technical skills and exposure to professional research environments.",https://www.giss.nasa.gov/edu/intern/,CLOSED,Upcoming application cycle (for Summer 2027) will open later this year,,TRUE,,FALSE,,,TRUE,,FALSE,TRUE,,,,,,
NYU Applied Research in Science and Engineering (ARISE),"ARISE is a free 10-week summer program for students interested in STEM research. It consists of 4 weeks of foundational training in safety, writing, and research skills, followed by 6 weeks of hands-on research in over 80 NYU labs, where students assist faculty on real-world engineering and science projects.",https://k12stem.engineering.nyu.edu/programs/arise,CLOSED,Upcoming application cycle (for Summer 2027) will open later this year,,,TRUE,FALSE,,,TRUE,,FALSE,,,,,,FALSE,
NYU Steinhardt Summer Art Intensive,"In this 4-week summer program, high school artists develop their practice in digital art, painting, and sculpture. Students work closely with NYU faculty in a close-knit community to create ambitious works and gain insight into New York’s contemporary art world.",https://steinhardt.nyu.edu/programs/art-education/high-school-programs/high-school-summer-art-intensive-studio-practice,CLOSED,Upcoming application cycle (for Summer 2027) will open later this year,,FALSE,TRUE,FALSE,,,,,FALSE,,FALSE,,,TRUE,,
NYU GSTEM Research Program,"GSTEM is a 6-week summer research program for high school students interested in STEM careers. Participants are paired with researchers for individual projects in their chosen field, earn lab experience, and take weekly field trips to meet women leaders across various STEM disciplines.",https://wp.nyu.edu/gstem/about-us/,CLOSED,Upcoming application cycle (for Summer 2027) will open later this year,,,TRUE,FALSE,,,TRUE,,FALSE,,,,,,,
Rockefeller University Summer Science Research Program (SSRP),"SSRP is a competitive 7-week mentored research program for high school juniors and seniors. Scholars join research teams led by scientific trainees from Rockefeller University, MSK, and WCMC. The experience is supplemented by elective courses, guest lectures, and networking workshops.",https://www.rockefeller.edu/outreach/ssrp/,CLOSED,Upcoming application cycle (for Summer 2027) will open later this year,,,TRUE,FALSE,,,TRUE,,FALSE,,,,,,,
Telluride Association Summer Seminar,"The Telluride Association Summer Seminar (TASS) is a free, six-week educational program for high school sophomores and juniors focused on critical thinking and democratic community. The curriculum explores how power and privilege shape social structures through two distinct areas of study: TASS-CBS (Critical Black Studies), which examines history, politics, and art through the intellectual contributions of people of African descent, and TASS-AOS (Anti-Oppressive Studies), which investigates how diverse forms of power influence social organization. Held at Cornell University and the University of Maryland, the program covers all student costs, including tuition, books, room and board, and field trips. TASS is open to rising juniors and seniors who demonstrate a commitment to leadership and service, providing a transformative experience rooted in the humanities and social sciences.",https://tellurideassociation.org/our-programs/high-school-students/,CLOSED,Upcoming application cycle (for Summer 2027) will open later this year,,,TRUE,FALSE,,TRUE,,,FALSE,,TRUE,,TRUE,FALSE,TRUE,
UChicago Summer Session Pre-College Program,"The University of Chicago's Summer Session offers high school students the opportunity to join a global community of thinkers and engage with diverse subject areas in a rigorous academic environment. Situated on the university's Hyde Park campus, the program encourages students to take intellectual risks and explore topics beyond the high school curriculum. Residential programs range from one to four weeks in length. In the 3-Week Immersion, students enroll in an undergraduate-level course taught by UChicago faculty. These courses focus on in-depth exploration through seminar-style discussions, collaborative projects, and relevant field trips. The 4-Week Practicum involves intensive, hands-on courses are designed for students seeking deep research experience. Specialized tracks include Research in the Biological Sciences (RIBS), where participants learn advanced laboratory techniques, and Stones and Bones, a field-based program where students work alongside Field Museum paleontologists in Wyoming.",https://summer.uchicago.edu/pre-college/,CLOSED,Upcoming application cycle (for Summer 2027) will open later this year,,FALSE,TRUE,FALSE,,TRUE,,,FALSE,FALSE,FALSE,,,FALSE,,
Yale Young Global Scholars Summer Program,"Yale Young Global Scholars (YYGS) is an academic enrichment program designed for outstanding high school students from around the world. Each summer, participants from over 150 countries and all 50 U.S. states gather at Yale’s historic campus for a two-week interdisciplinary residential session. The program provides an immersive global learning experience at Yale University, allowing students to engage with diverse perspectives and challenging academic content in a collaborative community. The curriculum is highly collaborative, exposing participants to innovative topics while facilitating student discussions shaped by international perspectives. Students have the opportunity to participate in a STEM, social sciences, humanities, or cross-disciplinary track.",https://globalscholars.yale.edu/,CLOSED,Upcoming application cycle (for Summer 2027) will open later this year,,,TRUE,FALSE,,TRUE,FALSE,,FALSE,,FALSE,,,,FALSE,
Urban Barcode DNA Research Program,"The Urban Barcode Research Program (UBRP), supported by the Pinkerton Foundation, is a science education initiative that engages NYC high school students in biodiversity studies using DNA technology. Once accepted, students complete a training course in biodiversity, conservation biology, and research methodology, gaining hands-on experience with laboratory techniques. Under expert mentorship, participants then conduct student-driven research projects using DNA barcoding to explore the relationship between biodiversity and human activity. As members of the NYC Science Research Mentoring Consortium, students also gain access to collaborative events and programming at partnering scientific institutions.",https://dnabarcoding101.org/programs/ubrp/,CLOSED,Upcoming application cycle (for 26-27 Academic Year) will open in Spring 2026,,,TRUE,FALSE,,,TRUE,FALSE,FALSE,TRUE,,,,,,
Whitney Museum Youth Insights Art Program,Youth Insights (YI) is an after-school and summer program that connects New York City high school students to art and artists. The Whitney also offers drop-in programs and events throughout the year.,https://whitney.org/education/teens/youth-insights,CLOSED,Upcoming application cycle (for 2027) will open later this year,,,TRUE,FALSE,,,,,FALSE,,,,,TRUE,,
Julliard Pre-College,"Juilliard Pre-College provides high-quality preparatory instruction for students in orchestral instruments, piano, organ, classical guitar, classical voice, and composition. The curriculum includes private lessons, chamber music, music theory, ear training, and large ensembles, with electives available in conducting, music history, and other specialized topics. The Preparatory Education program runs on Saturdays from 9:00 AM to 6:00 PM throughout the academic year, though students may occasionally be required to attend private lessons or chamber coachings during the week. Participants benefit from instruction by an outstanding faculty and receive numerous performance opportunities to refine their craft in a professional environment.",https://www.juilliard.edu/music/preparatory-division/juilliard-pre-college,CLOSED,Upcoming application cycle (for 2027) will open later this year,,,TRUE,FALSE,,,,,FALSE,FALSE,,,,TRUE,FALSE,
Federal Reserve Bank High School Fed Challenge,"The High School Fed Challenge is a research and writing competition designed to encourage students in grades 9–12 to explore economic themes and consider careers in the field. The program requires no previous study of economics, prioritizing intellectual curiosity and independent research. Participants gain a deeper understanding of economic principles and their real-world applications through the competition's annual theme, helping to foster critical thinking and analytical skills.",https://www.newyorkfed.org/outreach-and-education/high-school/high-school-fed-challenge,CLOSED,Upcoming submission cycle (for 2027) will open in September,TRUE,,FALSE,FALSE,,,,,FALSE,,,TRUE,,,TRUE,
Scholastic Art & Writing Awards,"The Scholastic Art & Writing Awards is the nation’s longest-running and most prestigious recognition program for creative teens in grades 7–12. This program provides an opportunity for students to submit original art and writing for the chance to earn local and national recognition, including scholarships and exhibition opportunities. In New York City, participants are eligible for Regional Awards, including Gold Key, Silver Key, and Honorable Mention distinctions, and are celebrated at a regional ceremony in March. Gold Key-winning works earn the additional honor of being showcased in the annual exhibition at the Metropolitan Museum of Art.",https://www.artandwriting.org/awards/,CLOSED,Upcoming submission cycle (for 2027) will open later this year,TRUE,,,FALSE,,,,,FALSE,,,,,TRUE,TRUE,
C-SPAN StudentCam Documentary Competition,"StudentCam is C-SPAN’s annual national video documentary competition that encourages students in grades 6–12 to think critically about issues affecting their communities and the nation. Participants must create a 5–6 minute documentary on a specified annual topic, incorporating C-SPAN video clips to support their research and analysis. The competition provides a platform for students to explore public policy and social issues while competing for various national prizes and recognition.",https://www.studentcam.org/,CLOSED,Upcoming submission cycle (for 2027) will open later this year,TRUE,,,FALSE,,,,,FALSE,,TRUE,,TRUE,FALSE,FALSE,
Bennington College Young Writers Awards,"Bennington College in Vermont hosts the annual Young Writers Awards to recognize high school achievement in poetry, short stories, and essays. Open to students in grades 9–12 worldwide, the competition honors the college's literary legacy, which includes Pulitzer Prize winners and U.S. poet laureates. Submissions are due by November 1, with first, second, and third place winners selected alongside distinguished entries for each grade level. All recognized participants receive cash prizes and scholarships.",https://www.bennington.edu/events/young-writers-awards,CLOSED,"Upcoming submission cycle will be due November 1, 2026",TRUE,,,FALSE,,,,,FALSE,,,,,TRUE,TRUE,
NYC Parks Lifeguard Job,NYC Parks is seeking dedicated individuals (ages 16+) to serve as seasonal lifeguards at city pools and beaches in Summer 2026. This role offers a wage of $22.00 per hour and builds critical skills in safety and leadership. All applicants must pass a qualifying swim test and complete a training program.,https://www.nycgovparks.org/opportunities/jobs/lifeguards,CLOSED,Upcoming qualifying swim tests (for Summer 2027) will begin in October,,TRUE,,FALSE,,,,,FALSE,FALSE,FALSE,,,,,